<?xml version = '1.0' encoding = 'UTF-8'?>
<Entity class="oracle.dbtools.crest.model.design.logical.Entity" directorySegmentName="seg_0" id="744D3AD2-229C-1871-2F01-F66F49C7FBA8" name="Empresa_Contratante">
<createdBy>ccarv</createdBy>
<createdTime>2026-02-03 01:47:19 UTC</createdTime>
<ownerDesignName>Encargo_Semanal4_Zapata_Candia</ownerDesignName>
<engineerTo>
<item key="D8A458A7-1592-58A2-49D5-E07B698AD8CE" value="true"/>
</engineerTo>
<adequatelyNormalized>NO</adequatelyNormalized>
<expectedVolumes>0</expectedVolumes>
<fwdEngineeringStrategyName>Single Table</fwdEngineeringStrategyName>
<growthPercent>0</growthPercent>
<growthType>Year</growthType>
<maxVolumes>9999999</maxVolumes>
<minVolumes>0</minVolumes>
<normalForm>Third</normalForm>
<attributes itemClass="oracle.dbtools.crest.model.design.logical.Attribute">
<Attribute name="Id_Empresa" id="0AA2ADB2-8004-42AB-5B67-884DE2428CE8">
<createdBy>ccarv</createdBy>
<createdTime>2026-02-03 01:48:27 UTC</createdTime>
<ownerDesignName>Encargo_Semanal4_Zapata_Candia</ownerDesignName>
<engineerTo>
<item key="D8A458A7-1592-58A2-49D5-E07B698AD8CE" value="true"/>
</engineerTo>
<useDomainConstraints>false</useDomainConstraints>
<use>1</use>
<logicalDatatype>LOGDT019</logicalDatatype>
<dataTypePrecision>7</dataTypePrecision>
<ownDataTypeParameters>,7,</ownDataTypeParameters>
</Attribute>
<Attribute name="Identificador_Empresa" id="04E02EB5-837A-1CB0-434F-4F2738C6E3B6">
<createdBy>ccarv</createdBy>
<createdTime>2026-02-03 01:48:39 UTC</createdTime>
<ownerDesignName>Encargo_Semanal4_Zapata_Candia</ownerDesignName>
<engineerTo>
<item key="D8A458A7-1592-58A2-49D5-E07B698AD8CE" value="true"/>
</engineerTo>
<useDomainConstraints>false</useDomainConstraints>
<use>1</use>
<logicalDatatype>LOGDT024</logicalDatatype>
<dataTypeSize>5</dataTypeSize>
<ownDataTypeParameters>5,,</ownDataTypeParameters>
</Attribute>
<Attribute name="Dirección_Empresa" id="5120D12D-4CC4-4326-65B7-D9A5E594C960">
<createdBy>ccarv</createdBy>
<createdTime>2026-02-03 01:50:27 UTC</createdTime>
<ownerDesignName>Encargo_Semanal4_Zapata_Candia</ownerDesignName>
<engineerTo>
<item key="D8A458A7-1592-58A2-49D5-E07B698AD8CE" value="true"/>
</engineerTo>
<useDomainConstraints>false</useDomainConstraints>
<use>1</use>
<logicalDatatype>LOGDT024</logicalDatatype>
<dataTypeSize>50</dataTypeSize>
<ownDataTypeParameters>50,,</ownDataTypeParameters>
</Attribute>
<Attribute name="ID_País" id="2501A691-773B-154A-C862-6FDCF6CD68D2">
<createdBy>ccarv</createdBy>
<createdTime>2026-02-03 01:50:38 UTC</createdTime>
<ownerDesignName>Encargo_Semanal4_Zapata_Candia</ownerDesignName>
<engineerTo>
<item key="D8A458A7-1592-58A2-49D5-E07B698AD8CE" value="true"/>
</engineerTo>
<useDomainConstraints>false</useDomainConstraints>
<use>1</use>
<logicalDatatype>LOGDT019</logicalDatatype>
<dataTypePrecision>3</dataTypePrecision>
<ownDataTypeParameters>,3,</ownDataTypeParameters>
</Attribute>
<Attribute name="ID_Ciudad" id="BCE2DEF4-0310-EC39-267E-B3A9E4BA43E6">
<createdBy>ccarv</createdBy>
<createdTime>2026-02-03 01:52:01 UTC</createdTime>
<ownerDesignName>Encargo_Semanal4_Zapata_Candia</ownerDesignName>
<engineerTo>
<item key="D8A458A7-1592-58A2-49D5-E07B698AD8CE" value="true"/>
</engineerTo>
<useDomainConstraints>false</useDomainConstraints>
<use>1</use>
<logicalDatatype>LOGDT019</logicalDatatype>
<dataTypePrecision>5</dataTypePrecision>
<ownDataTypeParameters>,5,</ownDataTypeParameters>
</Attribute>
<Attribute name="ID_Comuna" id="1DC196D3-0E24-08B3-AA4A-368412433C9B">
<createdBy>ccarv</createdBy>
<createdTime>2026-02-03 01:52:10 UTC</createdTime>
<ownerDesignName>Encargo_Semanal4_Zapata_Candia</ownerDesignName>
<engineerTo>
<item key="D8A458A7-1592-58A2-49D5-E07B698AD8CE" value="true"/>
</engineerTo>
<useDomainConstraints>false</useDomainConstraints>
<use>1</use>
<logicalDatatype>LOGDT019</logicalDatatype>
<dataTypePrecision>5</dataTypePrecision>
<ownDataTypeParameters>,5,</ownDataTypeParameters>
</Attribute>
<Attribute name="Remuneración_Máxima" id="5B89444D-3BA2-80FC-EC97-45386AC334B1">
<createdBy>ccarv</createdBy>
<createdTime>2026-02-03 01:52:57 UTC</createdTime>
<ownerDesignName>Encargo_Semanal4_Zapata_Candia</ownerDesignName>
<engineerTo>
<item key="D8A458A7-1592-58A2-49D5-E07B698AD8CE" value="true"/>
</engineerTo>
<useDomainConstraints>false</useDomainConstraints>
<use>1</use>
<logicalDatatype>LOGDT019</logicalDatatype>
<dataTypePrecision>7</dataTypePrecision>
<ownDataTypeParameters>,7,</ownDataTypeParameters>
</Attribute>
</attributes>
<identifiers itemClass="oracle.dbtools.crest.model.design.logical.CandidateKey">
<identifier id="951007ED-1402-A27E-AE39-8BB089F52602" name="Empresa_Contratante PK">
<createdBy>ccarv</createdBy>
<createdTime>2026-02-03 01:48:37 UTC</createdTime>
<ownerDesignName>Encargo_Semanal4_Zapata_Candia</ownerDesignName>
<engineerTo>
<item key="D8A458A7-1592-58A2-49D5-E07B698AD8CE" value="true"/>
</engineerTo>
<pk>true</pk>
<usedAttributes>
<attributeRef>0AA2ADB2-8004-42AB-5B67-884DE2428CE8</attributeRef>
</usedAttributes>
</identifier>
</identifiers>
</Entity>