<?xml version = '1.0' encoding = 'UTF-8'?>
<Entity class="oracle.dbtools.crest.model.design.logical.Entity" directorySegmentName="seg_0" id="74CA19D5-8B90-8CE9-FB0C-1D9F1B1BA5C2" name="Comuna">
<createdBy>ccarv</createdBy>
<createdTime>2026-02-03 02:01:06 UTC</createdTime>
<ownerDesignName>Encargo_Semanal4_Zapata_Candia</ownerDesignName>
<engineerTo>
<item key="D8A458A7-1592-58A2-49D5-E07B698AD8CE" value="true"/>
</engineerTo>
<adequatelyNormalized>NO</adequatelyNormalized>
<expectedVolumes>0</expectedVolumes>
<fwdEngineeringStrategyName>Single Table</fwdEngineeringStrategyName>
<growthPercent>0</growthPercent>
<growthType>Year</growthType>
<maxVolumes>9999999</maxVolumes>
<minVolumes>0</minVolumes>
<normalForm>Third</normalForm>
<attributes itemClass="oracle.dbtools.crest.model.design.logical.Attribute">
<Attribute name="ID_Comuna" id="B993B62E-A825-ECF6-2788-EE5145763E58">
<createdBy>ccarv</createdBy>
<createdTime>2026-02-03 02:01:06 UTC</createdTime>
<ownerDesignName>Encargo_Semanal4_Zapata_Candia</ownerDesignName>
<engineerTo>
<item key="D8A458A7-1592-58A2-49D5-E07B698AD8CE" value="true"/>
</engineerTo>
<useDomainConstraints>false</useDomainConstraints>
<use>1</use>
<logicalDatatype>LOGDT019</logicalDatatype>
<dataTypePrecision>5</dataTypePrecision>
<ownDataTypeParameters>,5,</ownDataTypeParameters>
</Attribute>
<Attribute name="Nombre_Comuna" id="8641A63D-9B04-523D-54E8-CD0E1F3BDF55">
<createdBy>ccarv</createdBy>
<createdTime>2026-02-03 02:01:06 UTC</createdTime>
<ownerDesignName>Encargo_Semanal4_Zapata_Candia</ownerDesignName>
<engineerTo>
<item key="D8A458A7-1592-58A2-49D5-E07B698AD8CE" value="true"/>
</engineerTo>
<useDomainConstraints>false</useDomainConstraints>
<use>1</use>
<logicalDatatype>LOGDT024</logicalDatatype>
<dataTypeSize>50</dataTypeSize>
<ownDataTypeParameters>50,,</ownDataTypeParameters>
</Attribute>
</attributes>
<identifiers itemClass="oracle.dbtools.crest.model.design.logical.CandidateKey">
<identifier id="6A323881-5EB7-37C5-0E57-FE3840245F20" name="Ciudad PK">
<createdBy>ccarv</createdBy>
<createdTime>2026-02-03 02:01:06 UTC</createdTime>
<ownerDesignName>Encargo_Semanal4_Zapata_Candia</ownerDesignName>
<engineerTo>
<item key="D8A458A7-1592-58A2-49D5-E07B698AD8CE" value="true"/>
</engineerTo>
<pk>true</pk>
<usedAttributes>
<attributeRef>B993B62E-A825-ECF6-2788-EE5145763E58</attributeRef>
</usedAttributes>
</identifier>
</identifiers>
</Entity>