<?xml version = '1.0' encoding = 'UTF-8'?>
<Entity class="oracle.dbtools.crest.model.design.logical.Entity" directorySegmentName="seg_0" id="A363F68B-8D06-D037-C46C-7ADFA7F336B0" name="Ciudad">
<createdBy>ccarv</createdBy>
<createdTime>2026-02-03 02:00:31 UTC</createdTime>
<ownerDesignName>Encargo_Semanal4_Zapata_Candia</ownerDesignName>
<engineerTo>
<item key="D8A458A7-1592-58A2-49D5-E07B698AD8CE" value="true"/>
</engineerTo>
<adequatelyNormalized>NO</adequatelyNormalized>
<expectedVolumes>0</expectedVolumes>
<fwdEngineeringStrategyName>Single Table</fwdEngineeringStrategyName>
<growthPercent>0</growthPercent>
<growthType>Year</growthType>
<maxVolumes>9999999</maxVolumes>
<minVolumes>0</minVolumes>
<normalForm>Third</normalForm>
<attributes itemClass="oracle.dbtools.crest.model.design.logical.Attribute">
<Attribute name="ID_Ciudad" id="0AF5B60B-09CA-7FFF-7FCF-74A792EA94D3">
<createdBy>ccarv</createdBy>
<createdTime>2026-02-03 02:00:36 UTC</createdTime>
<ownerDesignName>Encargo_Semanal4_Zapata_Candia</ownerDesignName>
<engineerTo>
<item key="D8A458A7-1592-58A2-49D5-E07B698AD8CE" value="true"/>
</engineerTo>
<useDomainConstraints>false</useDomainConstraints>
<use>1</use>
<logicalDatatype>LOGDT019</logicalDatatype>
<dataTypePrecision>5</dataTypePrecision>
<ownDataTypeParameters>,5,</ownDataTypeParameters>
</Attribute>
<Attribute name="Nombre_Ciudad" id="515C8B04-86D6-E2F7-4F25-FAE5F9591408">
<createdBy>ccarv</createdBy>
<createdTime>2026-02-03 02:00:51 UTC</createdTime>
<ownerDesignName>Encargo_Semanal4_Zapata_Candia</ownerDesignName>
<engineerTo>
<item key="D8A458A7-1592-58A2-49D5-E07B698AD8CE" value="true"/>
</engineerTo>
<useDomainConstraints>false</useDomainConstraints>
<use>1</use>
<logicalDatatype>LOGDT024</logicalDatatype>
<dataTypeSize>50</dataTypeSize>
<ownDataTypeParameters>50,,</ownDataTypeParameters>
</Attribute>
</attributes>
<identifiers itemClass="oracle.dbtools.crest.model.design.logical.CandidateKey">
<identifier id="D2EAD655-5440-C936-71EB-704470342214" name="Ciudad PK">
<createdBy>ccarv</createdBy>
<createdTime>2026-02-03 02:00:50 UTC</createdTime>
<ownerDesignName>Encargo_Semanal4_Zapata_Candia</ownerDesignName>
<engineerTo>
<item key="D8A458A7-1592-58A2-49D5-E07B698AD8CE" value="true"/>
</engineerTo>
<pk>true</pk>
<usedAttributes>
<attributeRef>0AF5B60B-09CA-7FFF-7FCF-74A792EA94D3</attributeRef>
</usedAttributes>
</identifier>
</identifiers>
</Entity>