<?xml version = '1.0' encoding = 'UTF-8'?>
<Entity class="oracle.dbtools.crest.model.design.logical.Entity" directorySegmentName="seg_0" id="D0B75386-2A9D-4C18-3CAB-DD7471AF1091" name="Grado_Académico">
<createdBy>ccarv</createdBy>
<createdTime>2026-02-03 01:38:10 UTC</createdTime>
<ownerDesignName>Encargo_Semanal4_Zapata_Candia</ownerDesignName>
<engineerTo>
<item key="D8A458A7-1592-58A2-49D5-E07B698AD8CE" value="true"/>
</engineerTo>
<adequatelyNormalized>NO</adequatelyNormalized>
<expectedVolumes>0</expectedVolumes>
<fwdEngineeringStrategyName>Single Table</fwdEngineeringStrategyName>
<growthPercent>0</growthPercent>
<growthType>Year</growthType>
<maxVolumes>9999999</maxVolumes>
<minVolumes>0</minVolumes>
<normalForm>Third</normalForm>
<attributes itemClass="oracle.dbtools.crest.model.design.logical.Attribute">
<Attribute name="ID_Grado_Académico" id="31C1EE9F-BDA1-6CE3-A2A0-F26979438281">
<createdBy>ccarv</createdBy>
<createdTime>2026-02-03 01:38:17 UTC</createdTime>
<ownerDesignName>Encargo_Semanal4_Zapata_Candia</ownerDesignName>
<engineerTo>
<item key="D8A458A7-1592-58A2-49D5-E07B698AD8CE" value="true"/>
</engineerTo>
<useDomainConstraints>false</useDomainConstraints>
<use>1</use>
<logicalDatatype>LOGDT019</logicalDatatype>
<dataTypePrecision>1</dataTypePrecision>
<ownDataTypeParameters>,1,</ownDataTypeParameters>
</Attribute>
<Attribute name="Grado_Académico" id="054123B4-7F33-E677-91DA-04F8403241E7">
<createdBy>ccarv</createdBy>
<createdTime>2026-02-03 01:38:22 UTC</createdTime>
<ownerDesignName>Encargo_Semanal4_Zapata_Candia</ownerDesignName>
<engineerTo>
<item key="D8A458A7-1592-58A2-49D5-E07B698AD8CE" value="true"/>
</engineerTo>
<useDomainConstraints>false</useDomainConstraints>
<use>1</use>
<logicalDatatype>LOGDT024</logicalDatatype>
<dataTypeSize>50</dataTypeSize>
<ownDataTypeParameters>50,,</ownDataTypeParameters>
</Attribute>
<Attribute name="Folio_Postulante" id="E229454D-0D42-635F-BFFC-E5C98951E4D0">
<createdBy>ccarv</createdBy>
<createdTime>2026-02-03 02:09:56 UTC</createdTime>
<generatorID>59E659E0-F96F-3ADE-8C8E-88F65AD573B8</generatorID>
<ownerDesignName>Encargo_Semanal4_Zapata_Candia</ownerDesignName>
<engineerTo>
<item key="D8A458A7-1592-58A2-49D5-E07B698AD8CE" value="true"/>
</engineerTo>
<nullsAllowed>true</nullsAllowed>
<referedAttribute>28158736-7CC4-F517-0B84-5D78844B0DAD</referedAttribute>
<useDomainConstraints>false</useDomainConstraints>
<use>1</use>
<logicalDatatype>LOGDT019</logicalDatatype>
<dataTypePrecision>7</dataTypePrecision>
<ownDataTypeParameters>,,</ownDataTypeParameters>
</Attribute>
</attributes>
<identifiers itemClass="oracle.dbtools.crest.model.design.logical.CandidateKey">
<identifier id="0EA0444B-B15E-50BA-47DE-DF1CB2D2E738" name="Grado_Académico PK">
<createdBy>ccarv</createdBy>
<createdTime>2026-02-03 01:38:42 UTC</createdTime>
<ownerDesignName>Encargo_Semanal4_Zapata_Candia</ownerDesignName>
<engineerTo>
<item key="D8A458A7-1592-58A2-49D5-E07B698AD8CE" value="true"/>
</engineerTo>
<pk>true</pk>
<usedAttributes>
<attributeRef>31C1EE9F-BDA1-6CE3-A2A0-F26979438281</attributeRef>
</usedAttributes>
</identifier>
</identifiers>
</Entity>