<?xml version = '1.0' encoding = 'UTF-8'?>
<relationalModel class="oracle.dbtools.crest.model.design.relational.RelationalDesign" name="Relational_1" id="D8A458A7-1592-58A2-49D5-E07B698AD8CE" mainViewID="29A07459-929C-A6B5-9839-ECA1C680F60D">
<createdBy>ccarv</createdBy>
<createdTime>2026-02-03 01:13:27 UTC</createdTime>
<ownerDesignName>Encargo_Semanal4_Zapata_Candia</ownerDesignName>
<shouldBeOpen>false</shouldBeOpen>
<selectedRDBMSSite>32076570-2523-435C-2E92-BF29817DFF70</selectedRDBMSSite>
</relationalModel>