<?xml version = '1.0' encoding = 'UTF-8'?>
<Diagram class="oracle.dbtools.crest.swingui.logical.DPVLogical" name="Logical" id="935E5822-23DE-F835-7AD2-FFB0AE9F3F52">
<createdBy>ccarv</createdBy>
<modifiedBy>ccarv</modifiedBy>
<createdTime>2026-02-03 01:25:00 UTC</createdTime>
<autoRoute>false</autoRoute>
<boxInbox>true</boxInbox>
<showLegend>false</showLegend>
<showLabels>false</showLabels>
<showRelAttributes>true</showRelAttributes>
<gridEnabled>false</gridEnabled>
<showGrid>false</showGrid>
<diagramColor>-1</diagramColor>
<display>false</display>
<notation>0</notation>
<objectViews>
<OView class="oracle.dbtools.crest.swingui.logical.TVEntity" oid="0A06AD57-8E18-B33E-DA92-ED215D7ED826" otype="Entity" vid="7C7C44D0-3A13-5535-094F-D0A729D41313">
<hideElementsInCurrentOnly>false</hideElementsInCurrentOnly>
<bounds x="394" y="147" width="461" height="527"/>
</OView>
<OView class="oracle.dbtools.crest.swingui.logical.TVEntity" oid="2880D971-8B67-5A92-E0A6-BFB06C016879" otype="Entity" vid="72056C72-FD8F-3486-4ECF-CF22E1813D01">
<hideElementsInCurrentOnly>false</hideElementsInCurrentOnly>
<bounds x="2" y="254" width="217" height="82"/>
</OView>
<OView class="oracle.dbtools.crest.swingui.logical.TVEntity" oid="2E9BF78C-79DD-93CD-F177-E305998254A4" otype="Entity" vid="A1F9B078-E875-0F62-8EEA-9D0D1F877341">
<hideElementsInCurrentOnly>false</hideElementsInCurrentOnly>
<bounds x="28" y="50" width="205" height="75"/>
</OView>
<OView class="oracle.dbtools.crest.swingui.logical.TVEntity" oid="43E7FB75-813E-B60C-93A3-BF2650179E63" otype="Entity" vid="D482728F-C5BE-8D40-0965-492A42DE85B7">
<hideElementsInCurrentOnly>false</hideElementsInCurrentOnly>
<bounds x="11" y="457" width="235" height="88"/>
</OView>
<OView class="oracle.dbtools.crest.swingui.logical.TVEntity" oid="5A414EBF-0990-3E01-B6CF-F9402BEE739F" otype="Entity" vid="E79D0E15-3682-411C-9E32-D0D8FD5F09A3">
<hideElementsInCurrentOnly>false</hideElementsInCurrentOnly>
<bounds x="588" y="492" width="257" height="172"/>
</OView>
<OView class="oracle.dbtools.crest.swingui.logical.TVEntity" oid="5E0454C9-96C1-B6D0-0C3B-74FE2A212F7F" otype="Entity" vid="1EF8ACA4-0CAB-1E82-FC24-7555E017531C">
<hideElementsInCurrentOnly>false</hideElementsInCurrentOnly>
<bounds x="925" y="284" width="238" height="154"/>
</OView>
<OView class="oracle.dbtools.crest.swingui.logical.TVEntity" oid="7114CB4C-A45C-48AB-05E3-A70176589214" otype="Entity" vid="D0748426-2B41-52FA-D28C-CFFD33FFA7D3">
<hideElementsInCurrentOnly>false</hideElementsInCurrentOnly>
<bounds x="383" y="8" width="184" height="80"/>
</OView>
<OView class="oracle.dbtools.crest.swingui.logical.TVEntity" oid="744D3AD2-229C-1871-2F01-F66F49C7FBA8" otype="Entity" vid="A4A0B0ED-2BDF-2A9C-B294-14271F46C494">
<hideElementsInCurrentOnly>false</hideElementsInCurrentOnly>
<bounds x="1230" y="292" width="228" height="143"/>
</OView>
<OView class="oracle.dbtools.crest.swingui.logical.TVEntity" oid="74CA19D5-8B90-8CE9-FB0C-1D9F1B1BA5C2" otype="Entity" vid="63F9E89C-A516-2FD0-BAC4-8BFD1D155F8F">
<hideElementsInCurrentOnly>false</hideElementsInCurrentOnly>
<bounds x="1277" y="9" width="207" height="85"/>
</OView>
<OView class="oracle.dbtools.crest.swingui.logical.TVEntity" oid="9266A20A-B778-32AC-D267-8A79C3CB5B80" otype="Entity" vid="560839D9-A193-A546-0AE8-6D966EC394F7">
<hideElementsInCurrentOnly>false</hideElementsInCurrentOnly>
<bounds x="597" y="19" width="162" height="91"/>
</OView>
<OView class="oracle.dbtools.crest.swingui.logical.TVEntity" oid="A363F68B-8D06-D037-C46C-7ADFA7F336B0" otype="Entity" vid="4CA1A07D-58BA-A1B5-5B07-1B373D591C0C">
<hideElementsInCurrentOnly>false</hideElementsInCurrentOnly>
<bounds x="922" y="485" width="202" height="101"/>
</OView>
<OView class="oracle.dbtools.crest.swingui.logical.TVEntity" oid="D0B75386-2A9D-4C18-3CAB-DD7471AF1091" otype="Entity" vid="CE7D3C3F-14D6-B500-1C47-3784DBC8B391">
<hideElementsInCurrentOnly>false</hideElementsInCurrentOnly>
<bounds x="7" y="349" width="255" height="88"/>
</OView>
</objectViews>
<connectors>
<Connector class="oracle.dbtools.crest.swingui.logical.TVRelation" oid="1054BF20-2E7E-3F16-C8D7-57E855907704" otype="Relation" vid_source="A4A0B0ED-2BDF-2A9C-B294-14271F46C494" vid_target="63F9E89C-A516-2FD0-BAC4-8BFD1D155F8F">
<hideElementsInCurrentOnly>false</hideElementsInCurrentOnly>
<backgroundColor>-16777216</backgroundColor>
<lineWidth>1</lineWidth>
<points>
<point x="1367" y="292"/>
<point x="1367" y="94"/>
</points>
</Connector>
<Connector class="oracle.dbtools.crest.swingui.logical.TVRelation" oid="157CAB55-0EA9-E9DA-B484-1BC3D57DC79D" otype="Relation" vid_source="7C7C44D0-3A13-5535-094F-D0A729D41313" vid_target="1EF8ACA4-0CAB-1E82-FC24-7555E017531C">
<hideElementsInCurrentOnly>false</hideElementsInCurrentOnly>
<backgroundColor>-16777216</backgroundColor>
<lineWidth>1</lineWidth>
<points>
<point x="855" y="361"/>
<point x="925" y="361"/>
</points>
</Connector>
<Connector class="oracle.dbtools.crest.swingui.logical.TVInheritanceRelation" oid="2DFFAD68-5E48-5E49-2A52-69E89CED00DF" otype="Hierarchy relation" vid_source="7C7C44D0-3A13-5535-094F-D0A729D41313" vid_target="E79D0E15-3682-411C-9E32-D0D8FD5F09A3">
<hideElementsInCurrentOnly>false</hideElementsInCurrentOnly>
<backgroundColor>-65536</backgroundColor>
<lineWidth>1</lineWidth>
<points>
<point x="855" y="578"/>
<point x="588" y="578"/>
</points>
</Connector>
<Connector class="oracle.dbtools.crest.swingui.logical.TVRelation" oid="33C024D0-BC99-ED6C-1559-7169A5F5708B" otype="Relation" vid_source="A4A0B0ED-2BDF-2A9C-B294-14271F46C494" vid_target="4CA1A07D-58BA-A1B5-5B07-1B373D591C0C">
<hideElementsInCurrentOnly>false</hideElementsInCurrentOnly>
<backgroundColor>-16777216</backgroundColor>
<lineWidth>1</lineWidth>
<points>
<point x="1254" y="435"/>
<point x="1254" y="518"/>
<point x="1124" y="518"/>
</points>
</Connector>
<Connector class="oracle.dbtools.crest.swingui.logical.TVRelation" oid="39956DBE-AF5D-812A-D475-7D9B6DE08018" otype="Relation" vid_source="7C7C44D0-3A13-5535-094F-D0A729D41313" vid_target="A1F9B078-E875-0F62-8EEA-9D0D1F877341">
<hideElementsInCurrentOnly>false</hideElementsInCurrentOnly>
<backgroundColor>-16777216</backgroundColor>
<lineWidth>1</lineWidth>
<points>
<point x="412" y="147"/>
<point x="412" y="110"/>
<point x="233" y="110"/>
</points>
</Connector>
<Connector class="oracle.dbtools.crest.swingui.logical.TVRelation" oid="59E659E0-F96F-3ADE-8C8E-88F65AD573B8" otype="Relation" vid_source="7C7C44D0-3A13-5535-094F-D0A729D41313" vid_target="CE7D3C3F-14D6-B500-1C47-3784DBC8B391">
<hideElementsInCurrentOnly>false</hideElementsInCurrentOnly>
<backgroundColor>-16777216</backgroundColor>
<lineWidth>1</lineWidth>
<points>
<point x="394" y="393"/>
<point x="262" y="393"/>
</points>
</Connector>
<Connector class="oracle.dbtools.crest.swingui.logical.TVRelation" oid="6020841D-768A-FE48-A2B6-1336A12BFF1E" otype="Relation" vid_source="7C7C44D0-3A13-5535-094F-D0A729D41313" vid_target="D0748426-2B41-52FA-D28C-CFFD33FFA7D3">
<hideElementsInCurrentOnly>false</hideElementsInCurrentOnly>
<backgroundColor>-16777216</backgroundColor>
<lineWidth>1</lineWidth>
<points>
<point x="480" y="147"/>
<point x="480" y="88"/>
</points>
</Connector>
<Connector class="oracle.dbtools.crest.swingui.logical.TVRelation" oid="861F6C4F-369E-CF81-1430-7E7105B733F3" otype="Relation" vid_source="A4A0B0ED-2BDF-2A9C-B294-14271F46C494" vid_target="560839D9-A193-A546-0AE8-6D966EC394F7">
<hideElementsInCurrentOnly>false</hideElementsInCurrentOnly>
<backgroundColor>-16777216</backgroundColor>
<lineWidth>1</lineWidth>
<points>
<point x="1234" y="292"/>
<point x="1234" y="85"/>
<point x="759" y="85"/>
</points>
</Connector>
<Connector class="oracle.dbtools.crest.swingui.logical.TVRelation" oid="8DF908C8-C389-639E-FBB5-CC0CCAF3865A" otype="Relation" vid_source="A4A0B0ED-2BDF-2A9C-B294-14271F46C494" vid_target="1EF8ACA4-0CAB-1E82-FC24-7555E017531C">
<hideElementsInCurrentOnly>false</hideElementsInCurrentOnly>
<backgroundColor>-16777216</backgroundColor>
<lineWidth>1</lineWidth>
<points>
<point x="1230" y="363"/>
<point x="1163" y="363"/>
</points>
</Connector>
<Connector class="oracle.dbtools.crest.swingui.logical.TVRelation" oid="8FDFD579-C002-8C36-16D9-74E67E0FA089" otype="Relation" vid_source="E79D0E15-3682-411C-9E32-D0D8FD5F09A3" vid_target="D482728F-C5BE-8D40-0965-492A42DE85B7">
<hideElementsInCurrentOnly>false</hideElementsInCurrentOnly>
<backgroundColor>-16777216</backgroundColor>
<lineWidth>1</lineWidth>
<points>
<point x="588" y="533"/>
<point x="246" y="533"/>
</points>
</Connector>
<Connector class="oracle.dbtools.crest.swingui.logical.TVRelation" oid="D3974158-3747-7F75-1A5F-9C6F69A51D17" otype="Relation" vid_source="7C7C44D0-3A13-5535-094F-D0A729D41313" vid_target="72056C72-FD8F-3486-4ECF-CF22E1813D01">
<hideElementsInCurrentOnly>false</hideElementsInCurrentOnly>
<backgroundColor>-16777216</backgroundColor>
<lineWidth>1</lineWidth>
<centerLabel class="oracle.dbtools.crest.model.design.Label">
<site>1</site>
<labelBounds x="207" y="289" width="137" height="31"/>
<noBackgroundColor>true</noBackgroundColor>
<noForegroundColor>true</noForegroundColor>
</centerLabel>
<points>
<point x="394" y="295"/>
<point x="219" y="295"/>
</points>
</Connector>
<Connector class="oracle.dbtools.crest.swingui.logical.TVRelation" oid="E88B2B20-9761-5FE1-E38A-1F4C9EF6822E" otype="Relation" vid_source="7C7C44D0-3A13-5535-094F-D0A729D41313" vid_target="560839D9-A193-A546-0AE8-6D966EC394F7">
<hideElementsInCurrentOnly>false</hideElementsInCurrentOnly>
<backgroundColor>-16777216</backgroundColor>
<lineWidth>1</lineWidth>
<points>
<point x="678" y="147"/>
<point x="678" y="110"/>
</points>
</Connector>
</connectors>
</Diagram>