<?xml version = '1.0' encoding = 'UTF-8'?>
<Relation class="oracle.dbtools.crest.model.design.logical.Relation" name="Empresa_Contratante-Comuna" directorySegmentName="seg_0" id="1054BF20-2E7E-3F16-C8D7-57E855907704">
<createdBy>ccarv</createdBy>
<createdTime>2026-02-03 02:23:45 UTC</createdTime>
<ownerDesignName>Encargo_Semanal4_Zapata_Candia</ownerDesignName>
<engineerTo>
<item key="D8A458A7-1592-58A2-49D5-E07B698AD8CE" value="true"/>
</engineerTo>
<sourcePk>951007ED-1402-A27E-AE39-8BB089F52602</sourcePk>
<identifying>false</identifying>
<optionalSource>false</optionalSource>
<optionalTarget>true</optionalTarget>
<sourceCardinality>*</sourceCardinality>
<sourceEntity>744D3AD2-229C-1871-2F01-F66F49C7FBA8</sourceEntity>
<targetCardinalityString>*</targetCardinalityString>
<targetEntity>74CA19D5-8B90-8CE9-FB0C-1D9F1B1BA5C2</targetEntity>
<transferable>true</transferable>
<deleteRule>NO ACTION</deleteRule>
</Relation>