<?xml version = '1.0' encoding = 'UTF-8'?>
<Relation class="oracle.dbtools.crest.model.design.logical.Relation" name="Postulante-Certificado_Postulación" directorySegmentName="seg_0" id="157CAB55-0EA9-E9DA-B484-1BC3D57DC79D">
<createdBy>ccarv</createdBy>
<createdTime>2026-02-03 02:17:31 UTC</createdTime>
<ownerDesignName>Encargo_Semanal4_Zapata_Candia</ownerDesignName>
<engineerTo>
<item key="D8A458A7-1592-58A2-49D5-E07B698AD8CE" value="true"/>
</engineerTo>
<sourcePk>FCD4F0D7-52DE-3E9D-34E0-13DCA809853F</sourcePk>
<targetPk>3B20BCF7-1F31-AE12-87B1-23209848C150</targetPk>
<identifying>false</identifying>
<optionalSource>false</optionalSource>
<optionalTarget>false</optionalTarget>
<sourceCardinality>*</sourceCardinality>
<sourceEntity>0A06AD57-8E18-B33E-DA92-ED215D7ED826</sourceEntity>
<targetCardinalityString>1</targetCardinalityString>
<targetEntity>5E0454C9-96C1-B6D0-0C3B-74FE2A212F7F</targetEntity>
<transferable>true</transferable>
<deleteRule>NO ACTION</deleteRule>
</Relation>