<?xml version = '1.0' encoding = 'UTF-8'?>
<Relation class="oracle.dbtools.crest.model.design.logical.Relation" name="Empresa_Contratante-Ciudad" directorySegmentName="seg_0" id="33C024D0-BC99-ED6C-1559-7169A5F5708B">
<createdBy>ccarv</createdBy>
<createdTime>2026-02-03 02:23:02 UTC</createdTime>
<ownerDesignName>Encargo_Semanal4_Zapata_Candia</ownerDesignName>
<engineerTo>
<item key="D8A458A7-1592-58A2-49D5-E07B698AD8CE" value="true"/>
</engineerTo>
<sourcePk>951007ED-1402-A27E-AE39-8BB089F52602</sourcePk>
<identifying>false</identifying>
<optionalSource>false</optionalSource>
<optionalTarget>true</optionalTarget>
<sourceCardinality>*</sourceCardinality>
<sourceEntity>744D3AD2-229C-1871-2F01-F66F49C7FBA8</sourceEntity>
<targetCardinalityString>*</targetCardinalityString>
<targetEntity>A363F68B-8D06-D037-C46C-7ADFA7F336B0</targetEntity>
<transferable>true</transferable>
<deleteRule>NO ACTION</deleteRule>
</Relation>