<?xml version = '1.0' encoding = 'UTF-8'?>
<Relation class="oracle.dbtools.crest.model.design.logical.Relation" name="Postulante-Estado_Civil" directorySegmentName="seg_0" id="39956DBE-AF5D-812A-D475-7D9B6DE08018">
<createdBy>ccarv</createdBy>
<createdTime>2026-02-03 02:13:10 UTC</createdTime>
<ownerDesignName>Encargo_Semanal4_Zapata_Candia</ownerDesignName>
<engineerTo>
<item key="D8A458A7-1592-58A2-49D5-E07B698AD8CE" value="true"/>
</engineerTo>
<sourcePk>FCD4F0D7-52DE-3E9D-34E0-13DCA809853F</sourcePk>
<targetPk>0A1B9AAF-A81E-A5BF-BB1F-D8BEBEDF9045</targetPk>
<identifying>false</identifying>
<optionalSource>false</optionalSource>
<optionalTarget>true</optionalTarget>
<sourceCardinality>*</sourceCardinality>
<sourceEntity>0A06AD57-8E18-B33E-DA92-ED215D7ED826</sourceEntity>
<targetCardinalityString>1</targetCardinalityString>
<targetEntity>2E9BF78C-79DD-93CD-F177-E305998254A4</targetEntity>
<transferable>true</transferable>
<deleteRule>NO ACTION</deleteRule>
</Relation>