<?xml version = '1.0' encoding = 'UTF-8'?>
<Relation class="oracle.dbtools.crest.model.design.logical.Relation" name="Postulante-Grado_Académico" directorySegmentName="seg_0" id="59E659E0-F96F-3ADE-8C8E-88F65AD573B8">
<createdBy>ccarv</createdBy>
<createdTime>2026-02-03 02:09:56 UTC</createdTime>
<ownerDesignName>Encargo_Semanal4_Zapata_Candia</ownerDesignName>
<engineerTo>
<item key="D8A458A7-1592-58A2-49D5-E07B698AD8CE" value="true"/>
</engineerTo>
<sourcePk>FCD4F0D7-52DE-3E9D-34E0-13DCA809853F</sourcePk>
<identifying>false</identifying>
<optionalSource>false</optionalSource>
<optionalTarget>true</optionalTarget>
<sourceCardinality>1</sourceCardinality>
<sourceEntity>0A06AD57-8E18-B33E-DA92-ED215D7ED826</sourceEntity>
<targetCardinalityString>*</targetCardinalityString>
<targetEntity>D0B75386-2A9D-4C18-3CAB-DD7471AF1091</targetEntity>
<transferable>true</transferable>
<deleteRule>NO ACTION</deleteRule>
</Relation>