<?xml version = '1.0' encoding = 'UTF-8'?>
<Relation class="oracle.dbtools.crest.model.design.logical.Relation" name="Postulante-Género" directorySegmentName="seg_0" id="6020841D-768A-FE48-A2B6-1336A12BFF1E">
<createdBy>ccarv</createdBy>
<createdTime>2026-02-03 02:15:31 UTC</createdTime>
<ownerDesignName>Encargo_Semanal4_Zapata_Candia</ownerDesignName>
<engineerTo>
<item key="D8A458A7-1592-58A2-49D5-E07B698AD8CE" value="true"/>
</engineerTo>
<sourcePk>FCD4F0D7-52DE-3E9D-34E0-13DCA809853F</sourcePk>
<targetPk>3C368BAE-25D1-1029-DAD5-C7349E417065</targetPk>
<identifying>false</identifying>
<optionalSource>false</optionalSource>
<optionalTarget>true</optionalTarget>
<sourceCardinality>*</sourceCardinality>
<sourceEntity>0A06AD57-8E18-B33E-DA92-ED215D7ED826</sourceEntity>
<targetCardinalityString>1</targetCardinalityString>
<targetEntity>7114CB4C-A45C-48AB-05E3-A70176589214</targetEntity>
<transferable>true</transferable>
<deleteRule>NO ACTION</deleteRule>
</Relation>