<?xml version = '1.0' encoding = 'UTF-8'?>
<Relation class="oracle.dbtools.crest.model.design.logical.Relation" name="Empresa_Contratante-País" directorySegmentName="seg_0" id="861F6C4F-369E-CF81-1430-7E7105B733F3">
<createdBy>ccarv</createdBy>
<createdTime>2026-02-03 02:19:36 UTC</createdTime>
<ownerDesignName>Encargo_Semanal4_Zapata_Candia</ownerDesignName>
<engineerTo>
<item key="D8A458A7-1592-58A2-49D5-E07B698AD8CE" value="true"/>
</engineerTo>
<sourcePk>951007ED-1402-A27E-AE39-8BB089F52602</sourcePk>
<identifying>false</identifying>
<optionalSource>false</optionalSource>
<optionalTarget>true</optionalTarget>
<sourceCardinality>*</sourceCardinality>
<sourceEntity>744D3AD2-229C-1871-2F01-F66F49C7FBA8</sourceEntity>
<targetCardinalityString>*</targetCardinalityString>
<targetEntity>9266A20A-B778-32AC-D267-8A79C3CB5B80</targetEntity>
<transferable>true</transferable>
<deleteRule>NO ACTION</deleteRule>
</Relation>