<?xml version = '1.0' encoding = 'UTF-8'?>
<Relation class="oracle.dbtools.crest.model.design.logical.Relation" name="Empresa_Contratante-Certificado_Postulación" directorySegmentName="seg_0" id="8DF908C8-C389-639E-FBB5-CC0CCAF3865A">
<createdBy>ccarv</createdBy>
<createdTime>2026-02-03 02:18:39 UTC</createdTime>
<ownerDesignName>Encargo_Semanal4_Zapata_Candia</ownerDesignName>
<engineerTo>
<item key="D8A458A7-1592-58A2-49D5-E07B698AD8CE" value="true"/>
</engineerTo>
<sourcePk>951007ED-1402-A27E-AE39-8BB089F52602</sourcePk>
<identifying>false</identifying>
<optionalSource>true</optionalSource>
<optionalTarget>false</optionalTarget>
<sourceCardinality>*</sourceCardinality>
<sourceEntity>744D3AD2-229C-1871-2F01-F66F49C7FBA8</sourceEntity>
<targetCardinalityString>*</targetCardinalityString>
<targetEntity>5E0454C9-96C1-B6D0-0C3B-74FE2A212F7F</targetEntity>
<transferable>true</transferable>
<deleteRule>NO ACTION</deleteRule>
</Relation>