<?xml version = '1.0' encoding = 'UTF-8'?>
<Relation class="oracle.dbtools.crest.model.design.logical.Relation" name="Postulante_Extranjero-Dominio_Idioma" directorySegmentName="seg_0" id="8FDFD579-C002-8C36-16D9-74E67E0FA089">
<createdBy>ccarv</createdBy>
<createdTime>2026-02-03 02:03:11 UTC</createdTime>
<ownerDesignName>Encargo_Semanal4_Zapata_Candia</ownerDesignName>
<engineerTo>
<item key="D8A458A7-1592-58A2-49D5-E07B698AD8CE" value="true"/>
</engineerTo>
<identifying>false</identifying>
<optionalSource>false</optionalSource>
<optionalTarget>true</optionalTarget>
<sourceCardinality>*</sourceCardinality>
<sourceEntity>5A414EBF-0990-3E01-B6CF-F9402BEE739F</sourceEntity>
<targetCardinalityString>*</targetCardinalityString>
<targetEntity>43E7FB75-813E-B60C-93A3-BF2650179E63</targetEntity>
<transferable>true</transferable>
<deleteRule>NO ACTION</deleteRule>
</Relation>