<?xml version = '1.0' encoding = 'UTF-8'?>
<Relation class="oracle.dbtools.crest.model.design.logical.Relation" name="Relation_4" directorySegmentName="seg_0" id="D3974158-3747-7F75-1A5F-9C6F69A51D17">
<createdBy>ccarv</createdBy>
<createdTime>2026-02-03 02:12:03 UTC</createdTime>
<ownerDesignName>Encargo_Semanal4_Zapata_Candia</ownerDesignName>
<engineerTo>
<item key="D8A458A7-1592-58A2-49D5-E07B698AD8CE" value="true"/>
</engineerTo>
<sourcePk>FCD4F0D7-52DE-3E9D-34E0-13DCA809853F</sourcePk>
<identifying>false</identifying>
<optionalSource>false</optionalSource>
<optionalTarget>true</optionalTarget>
<sourceCardinality>*</sourceCardinality>
<sourceEntity>0A06AD57-8E18-B33E-DA92-ED215D7ED826</sourceEntity>
<targetCardinalityString>*</targetCardinalityString>
<targetEntity>2880D971-8B67-5A92-E0A6-BFB06C016879</targetEntity>
<transferable>true</transferable>
<deleteRule>NO ACTION</deleteRule>
<attributes itemClass="oracle.dbtools.crest.model.design.logical.Attribute">
<attribute name="Fecha_Obtención_Título" id="2D8613F0-FFF7-9C27-4D70-FD7F610A148A">
<createdBy>ccarv</createdBy>
<createdTime>2026-02-03 02:12:15 UTC</createdTime>
<ownerDesignName>Encargo_Semanal4_Zapata_Candia</ownerDesignName>
<engineerTo>
<item key="D8A458A7-1592-58A2-49D5-E07B698AD8CE" value="true"/>
</engineerTo>
<useDomainConstraints>false</useDomainConstraints>
<use>1</use>
<logicalDatatype>LOGDT007</logicalDatatype>
<ownDataTypeParameters>,,</ownDataTypeParameters>
</attribute>
</attributes>
</Relation>